,Rnd,Pick,Tm,Player,Pos,Age,To,AP1,PB,Yrs_Starter,wAV,G,Cmp,Att,Yds,TD,Int,Rushing_Att,Rushing_Yds,Rushing_TD,Uni,draft_year,mAV
0,1,1,IND,Jeff George,QB,22,2001,0,0,9,66,131,2298,3967,27602,154,113,168,307,2,Illinois,1990,1.1470994768133977
6,1,7,DET,Andre Ware,QB,22,1993,0,0,0,5,14,83,161,1112,5,8,38,217,0,Houston,1990,0.4311655192066296
58,3,59,NWE,Tom Hodson,QB,23,1995,0,0,0,4,36,174,320,1823,7,11,21,90,0,LSU,1990,0.13889556955504148
62,3,63,CHI,Peter Tom Willis,QB,23,1993,0,0,0,4,21,104,183,1261,6,15,5,14,0,Florida St.,1990,0.2294796366561555
69,3,70,PIT,Neil O'Donnell,QB,24,2003,0,1,7,60,125,1865,3229,21690,120,68,215,446,4,Maryland,1990,1.07146448280286
83,4,84,NYJ,Troy Taylor,QB,22,1991,0,0,0,0,7,12,20,125,2,1,9,43,1,California,1990,0.0
85,4,86,WAS,Cary Conklin,QB,22,1995,0,0,0,1,7,52,101,560,5,3,5,-6,0,Washington,1990,0.1111111111111111
92,4,93,MIA,Scott Mitchell,QB,22,2001,0,0,5,49,99,1301,2346,15692,95,81,172,485,11,Utah,1990,1.0566080673233287
134,5,135,NYG,Craig Kupp,QB,23,1991,0,0,0,0,1,3,7,23,0,0,1,5,0,Pacific Lutheran,1990,0.0
137,6,138,SDG,John Friesz,QB,23,2000,0,0,1,26,69,745,1364,8699,45,42,53,29,0,Idaho,1990,0.7026024645388445
155,6,156,NOR,Mike Buck,QB,23,1995,0,0,0,2,12,55,92,790,5,4,5,-4,0,Maine,1990,0.1640997649995764
206,8,207,NOR,Gerry Gdowski,QB,0,0,0,0,0,0,0,0,0,0,0,0,0,0,0,Nebraska,1990,0.0
241,9,242,GNB,Kirk Baumgartner,QB,0,0,0,0,0,0,0,0,0,0,0,0,0,0,0,Wisconsinâ€“Stevens Point,1990,0.0
246,9,247,DEN,Todd Ellis,QB,0,0,0,0,0,0,0,0,0,0,0,0,0,0,0,South Carolina,1990,0.0
295,11,296,CLE,Clemente Gordon,QB,0,0,0,0,0,0,0,0,0,0,0,0,0,0,0,Grambling St.,1990,0.0
306,12,307,TAM,Todd Hammel,QB,0,0,0,0,0,0,0,0,0,0,0,0,0,0,0,S.F. Austin,1990,0.0
310,12,311,IND,Gene Benhart,QB,0,0,0,0,0,0,0,0,0,0,0,0,0,0,0,Western Illinois,1990,0.0
311,12,312,SEA,John Gromos,QB,0,0,0,0,0,0,0,0,0,0,0,0,0,0,0,Vanderbilt,1990,0.0
316,12,317,RAI,Major Harris,QB,0,0,0,0,0,0,0,0,0,0,0,0,0,0,0,West Virginia,1990,0.0
320,12,321,HOU,Reggie Slack,QB,0,0,0,0,0,0,0,0,0,0,0,0,0,0,0,Auburn,1990,0.0
346,1,16,SEA,Dan McGwire,QB,23,1995,0,0,0,2,13,74,148,745,2,6,14,6,0,San Diego St.,1991,0.1531597806662713
354,1,24,RAI,Todd Marinovich,QB,22,1992,0,0,0,3,8,104,205,1345,8,9,12,44,0,USC,1991,0.3737192818846552
363,2,33,ATL,Brett Favre HOF,QB,21,2010,3,11,19,158,302,6300,10169,71838,508,336,602,1844,14,Southern Miss,1991,1.4305891296758275
364,2,34,NYJ,Browning Nagle,QB,23,1996,0,0,1,5,24,213,437,2489,8,20,26,68,0,Louisville,1991,0.26533262720407974
414,4,84,NWE,Scott Zolak,QB,23,1999,0,0,0,4,55,124,248,1314,8,7,38,81,0,Maryland,1991,0.09259704637002766
429,4,99,CIN,Donald Hollas,QB,23,1998,0,0,0,5,32,202,375,2399,13,21,61,295,1,Rice,1991,0.20290142080311982
436,4,106,DAL,Bill Musgrave,QB,23,1996,0,0,0,1,12,43,69,402,1,2,19,-11,0,Oregon,1991,0.07142857142857142
461,5,131,PHI,Craig Erickson,QB,22,1997,0,0,2,21,52,591,1092,7625,41,38,77,201,1,Miami (FL),1991,0.7149396672648782
520,7,190,CHI,Paul Justin,QB,23,1999,0,0,0,8,34,220,380,2614,8,10,17,11,0,Arizona St.,1991,0.33682590366897736
590,10,260,TAM,Pat O'Hara,QB,0,0,0,0,0,0,0,0,0,0,0,0,0,0,0,USC,1991,0.0
614,11,284,DEN,Shawn Moore,QB,23,1992,0,0,0,1,3,17,34,232,0,3,8,39,0,Virginia,1991,0.2
639,12,309,PHO,Jeff Bridewell,QB,0,0,0,0,0,0,0,0,0,0,0,0,0,0,0,UC Davis,1991,0.0
664,12,334,NYG,Larry Wanke,QB,0,0,0,0,0,0,0,0,0,0,0,0,0,0,0,John Carroll,1991,0.0
670,1,6,CIN,David Klingler,QB,23,1997,0,0,1,11,33,389,718,3994,16,22,74,456,0,Houston,1992,0.5076953408063988
689,1,25,DEN,Tommy Maddox,QB,21,2005,0,0,2,24,92,686,1200,8087,48,54,68,128,1,UCLA,1992,0.4820872398101626
704,2,40,KAN,Matt Blundin,QB,23,1997,0,0,0,0,3,2,9,15,0,2,0,0,0,Virginia,1992,0.0
710,2,46,PHO,Tony Sacca,QB,22,1992,0,0,0,0,2,4,11,29,0,2,0,0,0,Penn St.,1992,0.0
750,4,86,TAM,Craig Erickson,QB,23,1997,0,0,2,21,52,591,1092,7625,41,38,77,201,1,Miami (FL),1992,0.7149396672648782
766,4,102,PHI,Casey Weldon,QB,23,1999,0,0,0,1,26,60,120,713,1,4,12,0,1,Florida St.,1992,0.03571428571428571
771,4,107,CHI,Will Furrer,QB,24,1995,0,0,0,1,9,57,124,572,2,10,8,20,0,Virginia Tech,1992,0.09090909090909091
776,4,112,WAS,Chris Hakel,QB,0,0,0,0,0,0,0,0,0,0,0,0,0,0,0,William & Mary,1992,0.0
830,6,166,NYJ,Jeff Blake,QB,21,2005,0,1,8,69,119,1827,3241,21711,134,99,418,2027,14,East Carolina,1992,1.3299445636781544
862,8,198,RAM,Ricky Jones,QB,0,0,0,0,0,0,0,0,0,0,0,0,0,0,0,Alabama St.,1992,0.0
875,8,211,NYG,Kent Graham,QB,23,2001,0,0,1,21,81,694,1339,7801,39,33,121,424,5,Ohio St.,1992,0.46514147026871594
884,8,220,HOU,Bucky Richardson,QB,23,1994,0,0,0,3,16,97,185,1257,6,6,33,225,1,Texas A&M,1992,0.20762182326925288
886,8,222,TAM,Mike Pawlawski,QB,0,0,0,0,0,0,0,0,0,0,0,0,0,0,0,California,1992,0.0
891,9,227,MIN,Brad Johnson,QB,23,2008,0,2,8,76,177,2668,4326,29054,166,122,276,657,8,Florida St.,1992,1.0095394154169992
892,9,228,RAM,T.J. Rubley,QB,23,1995,0,0,0,5,10,112,195,1377,8,7,31,108,0,Tulsa,1992,0.5748873589421728
894,9,230,GNB,Ty Detmer,QB,24,2003,0,0,2,16,54,546,946,6351,34,35,72,177,3,BYU,1992,0.4974574647406423
906,9,242,SFO,Darian Hagan,QB,0,0,0,0,0,0,0,0,0,0,0,0,0,0,0,Colorado,1992,0.0
960,11,296,MIA,Mark Barsotti,QB,0,0,0,0,0,0,0,0,0,0,0,0,0,0,0,Fresno St.,1992,0.0
980,12,316,CLE,Keithen McCant,QB,0,0,0,0,0,0,0,0,0,0,0,0,0,0,0,Nebraska,1992,0.0
982,12,318,PIT,Cornelius Benton,QB,0,0,0,0,0,0,0,0,0,0,0,0,0,0,0,Connecticut,1992,0.0
999,12,335,BUF,Matt Rodgers,QB,0,0,0,0,0,0,0,0,0,0,0,0,0,0,0,Iowa,1992,0.0
1001,1,1,NWE,Drew Bledsoe,QB,21,2006,0,4,12,105,194,3839,6717,44611,251,206,385,764,10,Washington St.,1993,1.3588486508762867
1002,1,2,SEA,Rick Mirer,QB,23,2003,0,0,5,33,80,1088,2043,11969,50,76,242,1130,9,Notre Dame,1993,0.8098468093149197
1058,3,58,RAI,Billy Joe Hobert,QB,22,1999,0,0,0,7,29,275,527,3371,23,25,33,121,1,Washington,1993,0.3332391010052214
1118,5,118,GNB,Mark Brunell,QB,22,2011,0,3,11,96,193,2761,4640,32072,184,108,513,2421,15,Washington,1993,1.226565848236817
1192,7,192,MIN,Gino Torretta,QB,23,1996,0,0,0,0,2,5,16,41,1,1,2,12,0,Miami (FL),1993,0.0
1216,8,216,PIT,Alex Van Pelt,QB,23,2003,0,0,0,7,31,262,477,2985,16,24,32,53,1,Pittsburgh,1993,0.31304279185338985
1219,8,219,SFO,Elvis Grbac,QB,23,2001,0,1,4,48,105,1446,2445,16774,99,81,163,388,7,Michigan,1993,0.9729840190184958
1222,8,222,SDG,Trent Green,QB,23,2008,0,2,7,94,120,2266,3740,28475,162,114,243,914,6,Indiana,1993,1.911584910403151
1227,1,3,WAS,Heath Shuler,QB,22,1997,0,0,2,6,29,292,593,3691,15,33,67,198,1,Tennessee,1994,0.27696175763327524
1230,1,6,TAM,Trent Dilfer,QB,22,2007,0,1,7,51,130,1759,3172,20518,113,129,248,853,5,Fresno St.,1994,0.8482234603697119
1335,4,111,ATL,Perry Klein,QB,23,1994,0,0,0,0,2,0,1,0,0,0,0,0,0,C.W. Post,1994,0.0
1340,4,116,NOR,Doug Nussmeier,QB,23,1997,0,0,0,2,5,46,82,455,1,4,11,36,0,Idaho,1994,0.3281995299991528
1402,6,178,PIT,Jim Miller,QB,23,2002,0,0,2,16,37,610,1046,6387,36,31,55,4,0,Michigan St.,1994,0.7142978980891274
1421,7,197,WAS,Gus Frerotte,QB,23,2008,0,1,5,57,147,1699,3106,21291,114,106,197,315,6,Tulsa,1994,0.8587436889849209
1422,7,198,NWE,Jay Walker,QB,22,1997,0,0,0,0,1,2,2,31,0,0,0,0,0,Howard,1994,0.0
1423,7,199,KAN,Steve Matthews,QB,23,1998,0,0,0,1,3,28,43,299,0,0,1,10,0,Memphis,1994,0.2
1432,7,208,NYJ,Glenn Foley,QB,23,1999,0,0,0,8,21,207,382,2469,12,16,19,32,0,Boston Col.,1994,0.5272057622644862
1449,1,3,HOU,Steve McNair,QB,22,2007,0,3,10,99,161,2733,4544,31304,174,119,669,3590,37,Alcorn St.,1995,1.5225607470630422
1451,1,5,CAR,Kerry Collins,QB,22,2011,0,2,11,83,198,3487,6261,40922,208,196,374,686,10,Penn St.,1995,1.0043005838908743
1491,2,45,BUF,Todd Collins,QB,23,2010,0,0,1,11,49,391,701,4547,22,24,83,152,0,Michigan,1995,0.3484183711416462
1506,2,60,PIT,Kordell Stewart,QB,22,2005,0,1,6,60,125,1316,2358,14746,77,84,560,2874,38,Colorado,1995,1.07146448280286
1526,3,80,ARI,Stoney Case,QB,23,2000,0,0,0,4,20,163,318,1826,4,15,60,270,5,New Mexico,1995,0.2399105292314353
1530,3,84,CLE,Eric Zeier,QB,23,2000,0,0,0,5,28,301,537,3520,16,15,43,127,0,Georgia,1995,0.22995494357686913
1545,4,99,JAX,Rob Johnson,QB,22,2003,0,0,2,21,48,494,806,5795,30,23,140,877,4,USC,1995,0.7721348406460684
1557,4,111,MIN,Chad May,QB,0,0,0,0,0,0,0,0,0,0,0,0,0,0,0,Kansas St.,1995,0.0
1565,4,119,PHI,Dave Barr,QB,23,1995,0,0,0,0,2,5,9,42,0,0,1,5,0,California,1995,0.0
1580,4,134,KAN,Steve Stenstrom,QB,23,1999,0,0,0,6,17,177,314,1895,4,12,22,100,2,Stanford,1995,0.451884972980607
1606,5,160,GNB,Jay Barker,QB,0,0,0,0,0,0,0,0,0,0,0,0,0,0,0,Alabama,1995,0.0
1637,6,191,CAR,Jerry Colquitt,QB,0,0,0,0,0,0,0,0,0,0,0,0,0,0,0,Tennessee,1995,0.0
1643,6,197,SDG,Craig Whelihan,QB,24,1998,0,0,1,1,19,267,557,3160,14,29,31,67,0,Pacific,1995,0.047619047619047616
1659,7,213,CIN,John Walsh,QB,0,0,0,0,0,0,0,0,0,0,0,0,0,0,0,BYU,1995,0.0
1737,2,42,STL,Tony Banks,QB,23,2005,0,0,5,43,96,1278,2356,15315,77,73,246,881,6,Michigan St.,1996,0.9309708246551183
1780,3,85,PHI,Bobby Hoying,QB,23,2000,0,0,1,3,22,244,456,2544,11,15,42,156,0,Ohio St.,1996,0.15571636745193965
1795,4,100,DEN,Jeff Lewis,QB,23,2000,0,0,0,2,12,28,54,210,0,2,21,78,0,Northern Arizona,1996,0.1640997649995764
1825,4,130,NYG,Danny Kanell,QB,22,2003,0,0,2,14,43,491,956,5129,31,34,44,49,0,Florida St.,1996,0.5274012187336465
1898,6,203,PIT,Spence Fischer,QB,0,0,0,0,0,0,0,0,0,0,0,0,0,0,0,Duke,1996,0.0
1900,6,205,IND,Mike Cawley,QB,0,0,0,0,0,0,0,0,0,0,0,0,0,0,0,James Madison,1996,0.0
1933,7,238,BAL,Jon Stark,QB,0,0,0,0,0,0,0,0,0,0,0,0,0,0,0,0,1996,0.0
1935,7,240,GNB,Kyle Wachholtz,QB,0,0,0,0,0,0,0,0,0,0,0,0,0,0,0,USC,1996,0.0
1975,1,26,SFO,Jim Druckenmiller,QB,24,1998,0,0,0,1,6,21,52,239,1,4,13,-10,0,Virginia Tech,1997,0.125
1991,2,42,ARI,Jake Plummer,QB,22,2006,0,1,10,77,143,2484,4350,29253,161,161,428,1853,17,Arizona St.,1997,1.2659625776967396
2048,4,99,NOR,Danny Wuerffel,QB,23,2002,0,0,0,6,25,184,350,2123,12,22,31,189,1,Florida,1997,0.31799312913450123
2059,4,110,KAN,Pat Barnes,QB,22,1999,0,0,0,0,1,0,0,0,0,0,0,0,0,California,1997,0.0
2120,6,171,NYG,Mike Cherry,QB,23,1998,0,0,0,0,2,0,1,0,0,0,4,-5,0,Murray St.,1997,0.0
2140,6,191,NYJ,Chuck Clements,QB,23,1997,0,0,0,0,1,0,0,0,0,0,2,-3,0,Houston,1997,0.0
2153,7,204,ATL,Tony Graziani,QB,23,1999,0,0,0,3,18,85,174,999,2,8,16,51,0,Oregon,1997,0.1868596409423276
2156,7,207,PHI,Koy Detmer,QB,24,2006,0,0,0,4,103,184,354,1944,10,14,31,30,1,Colorado,1997,0.05026696802944359
2183,7,234,BAL,Wally Richardson,QB,23,1998,0,0,0,0,1,1,2,1,0,0,1,0,0,Penn St.,1997,0.0
2186,7,237,SDG,Tony Corbin,QB,0,0,0,0,0,0,0,0,0,0,0,0,0,0,0,Sacramento St.,1997,0.0
2189,7,240,GNB,Ron McAda,QB,0,0,0,0,0,0,0,0,0,0,0,0,0,0,0,Army,1997,0.0
2190,1,1,IND,Peyton Manning HOF,QB,22,2015,7,14,17,176,266,6125,9380,71940,539,251,431,667,18,Tennessee,1998,1.8470574653449532
2191,1,2,SDG,Ryan Leaf,QB,22,2001,0,0,1,1,25,317,655,3666,14,36,59,127,0,Washington St.,1998,0.037037037037037035
2249,2,60,DET,Charlie Batch,QB,23,2012,0,0,4,34,81,908,1604,11085,61,52,172,637,6,East. Michigan,1998,0.8292712480601937
2275,3,86,JAX,Jonathan Quinn,QB,23,2004,0,0,0,4,17,117,223,1161,4,7,25,151,1,Middle Tenn. St.,1998,0.27779113911008296
2280,3,91,DEN,Brian Griese,QB,23,2008,0,1,5,54,93,1752,2796,19440,119,99,238,582,5,Michigan,1998,1.2622602514298702
2361,6,172,MIA,John Dutton,QB,0,0,0,0,0,0,0,0,0,0,0,0,0,0,0,Nevada,1998,0.0
2376,6,187,GNB,Matt Hasselbeck,QB,22,2015,0,3,11,87,209,3222,5330,36638,212,153,365,1231,8,Boston Col.,1998,1.007257820138167
2421,7,232,CHI,Moses Moreno,QB,23,2000,0,0,0,1,9,51,103,485,1,2,9,29,0,Colorado St.,1998,0.09090909090909091
2431,1,1,CLE,Tim Couch,QB,22,2003,0,0,3,30,62,1025,1714,11131,64,67,124,556,2,Kentucky,1999,0.9254767902350717
2432,1,2,PHI,Donovan McNabb,QB,22,2011,0,6,11,107,167,3170,5374,37276,234,117,616,3459,29,Syracuse,1999,1.6120326309932675
2433,1,3,CIN,Akili Smith,QB,24,2002,0,0,1,2,22,215,461,2212,5,13,70,371,1,Oregon,1999,0.09572486291641957
2441,1,11,MIN,Daunte Culpepper,QB,22,2009,0,3,5,86,105,2016,3199,24153,149,106,514,2652,34,Central Florida,1999,1.9589094611867965
2442,1,12,CHI,Cade McNown,QB,22,2000,0,0,1,8,25,281,515,3111,16,19,82,486,3,UCLA,1999,0.44910120489196975
2480,2,50,TAM,Shaun King,QB,22,2004,0,0,1,19,34,415,738,4566,27,24,113,454,5,Tulane,1999,0.9510466505284916
2507,3,77,SEA,Brock Huard,QB,23,2003,0,0,0,2,8,60,107,689,4,2,9,48,0,Washington,1999,0.22973967099940698
2531,4,101,STL,Joe Germaine,QB,24,1999,0,0,0,1,3,9,16,136,1,2,3,0,0,Ohio St.,1999,0.2
2561,4,131,GNB,Aaron Brooks,QB,23,2006,0,0,5,66,93,1673,2963,20261,123,92,362,1534,13,Virginia,1999,1.6059392675387567
2581,5,151,TEN,Kevin Daft,QB,0,0,0,0,0,0,0,0,0,0,0,0,0,0,0,UC Davis,1999,0.0
2657,7,227,NWE,Michael Bishop,QB,23,2000,0,0,0,0,8,3,9,80,1,1,7,-1,0,Kansas St.,1999,0.0
2669,7,239,ARI,Chris Greisen,QB,23,2000,0,0,0,0,5,7,16,69,1,0,1,1,0,NW Missouri St.,1999,0.0
2675,7,245,CIN,Scott Covington,QB,23,2002,0,0,0,0,4,6,10,30,0,0,2,-4,0,Miami (FL),1999,0.0
2701,1,18,NYJ,Chad Pennington,QB,24,2010,0,0,5,55,89,1632,2471,17823,102,64,180,465,7,Marshall,2000,1.3470813859543243
2748,3,65,SFO,Giovanni Carmazzi,QB,0,0,0,0,0,0,0,0,0,0,0,0,0,0,0,Hofstra,2000,0.0
2758,3,75,BAL,Chris Redman,QB,23,2011,0,0,0,9,30,286,500,3179,21,14,33,25,0,Louisville,2000,0.43645656766369484
2846,5,163,PIT,Tee Martin,QB,22,2003,0,0,0,0,3,6,16,69,0,1,6,36,0,Tennessee,2000,0.0
2851,6,168,NOR,Marc Bulger,QB,23,2009,0,2,8,57,96,1969,3171,22814,122,93,118,300,8,West Virginia,2000,1.305640914885237
2866,6,183,CLE,Spergon Wynn,QB,22,2001,0,0,0,2,10,70,152,585,1,7,11,76,0,Texas St.,2000,0.19144972583283915
2882,6,199,NWE,Tom Brady,QB,23,2022,3,15,21,184,335,7753,12050,89214,649,212,693,1123,28,Michigan,2000,1.5493569575884052
2885,6,202,WAS,Todd Husak,QB,22,2000,0,0,0,0,1,2,2,-2,0,0,1,-1,0,Stanford,2000,0.0
2888,6,205,SDG,JaJuan Seider,QB,0,0,0,0,0,0,0,0,0,0,0,0,0,0,0,Florida A&M,2000,0.0
2895,7,212,SFO,Tim Rattay,QB,23,2007,0,0,1,12,40,432,714,4853,31,23,45,77,0,Louisiana Tech,2000,0.46964337986206445
2897,7,214,DEN,Jarious Jackson,QB,23,2003,0,0,0,0,5,11,22,114,0,1,7,15,0,Notre Dame,2000,0.0
2917,7,234,TAM,Joe Hamilton,QB,23,2000,0,0,0,0,1,0,0,0,0,0,1,-2,0,Georgia Tech,2000,0.0
2938,1,1,ATL,Michael Vick,QB,21,2015,0,4,7,92,143,1807,3217,22464,133,88,873,6109,36,Virginia Tech,2001,1.5673911511141196
2969,2,32,SDG,Drew Brees,QB,22,2020,1,13,19,167,287,7142,10551,80358,571,243,498,752,25,Purdue,2001,1.608280967921771
2990,2,53,DAL,Quincy Carter,QB,23,2004,0,0,2,16,38,542,960,6337,32,37,152,518,3,Georgia,2001,0.6964404506368992
2996,2,59,OAK,Marques Tuiasosopo,QB,22,2008,0,0,0,1,13,49,90,554,2,7,17,79,0,Washington,2001,0.06666666666666667
3043,4,106,CAR,Chris Weinke,QB,29,2007,0,0,1,9,29,386,709,3904,15,26,54,148,6,Florida St.,2001,0.45053581178187857
3046,4,109,WAS,Sage Rosenfels,QB,23,2010,0,0,0,13,44,351,562,4156,30,29,48,95,1,Iowa St.,2001,0.4720349887033159
3062,4,125,NYG,Jesse Palmer,QB,22,2003,0,0,0,1,8,63,120,562,3,4,5,20,0,Florida,2001,0.1
3086,5,149,DET,Mike McMahon,QB,22,2005,0,0,0,6,29,229,515,2867,15,21,82,409,7,Rutgers,2001,0.27696175763327524
3092,5,155,PHI,A.J. Feeley,QB,24,2011,0,0,1,7,28,425,762,4618,28,31,37,49,1,Oregon,2001,0.3443470710387288
3109,6,172,SEA,Josh Booty,QB,0,0,0,0,0,0,0,0,0,0,0,0,0,0,0,LSU,2001,0.0
3114,6,177,MIA,Josh Heupel,QB,0,0,0,0,0,0,0,0,0,0,0,0,0,0,0,Oklahoma,2001,0.0
3184,1,1,HOU,David Carr,QB,23,2012,0,0,5,45,94,1353,2267,14452,65,71,305,1328,9,Fresno St.,2002,1.003653453908589
3186,1,3,DET,Joey Harrington,QB,23,2007,0,0,6,31,81,1424,2538,14693,79,85,142,402,0,Oregon,2002,0.742259799934918
3215,1,32,WAS,Patrick Ramsey,QB,23,2008,0,0,1,14,37,511,913,5930,35,30,47,89,2,Tulane,2002,0.6085398677695922
3264,3,81,ARI,Josh McCown,QB,23,2019,0,0,5,40,102,1584,2633,17731,98,82,248,1106,13,Sam Houston St.,2002,0.8043381173779024
3291,4,108,JAX,David Garrard,QB,24,2010,0,1,5,62,86,1406,2281,16003,89,54,380,1746,17,East Carolina,2002,1.6083751528806929
3300,4,117,NWE,Rohan Davey,QB,24,2004,0,0,0,0,7,8,19,88,0,0,6,-5,0,LSU,2002,0.0
3320,5,137,CAR,Randy Fasani,QB,23,2002,0,0,0,1,4,15,44,171,0,4,18,95,0,Stanford,2002,0.16666666666666666
3341,5,158,ATL,Kurt Kittner,QB,22,2003,0,0,0,1,7,44,114,391,2,6,8,13,0,Illinois,2002,0.1111111111111111
3346,5,163,SFO,Brandon Doman,QB,0,0,0,0,0,0,0,0,0,0,0,0,0,0,0,BYU,2002,0.0
3347,5,164,GNB,Craig Nall,QB,23,2007,0,0,0,1,7,30,48,402,5,0,10,11,0,LSU,2002,0.1111111111111111
3369,6,186,NOR,J.T. O'Sullivan,QB,23,2009,0,0,0,6,17,145,257,1866,9,13,39,145,0,UC Davis,2002,0.451884972980607
3388,6,205,STL,Steve Bellisari,QB,0,0,0,0,0,0,0,0,0,0,0,0,0,0,0,Ohio St.,2002,0.0
3399,7,216,SDG,Seth Burford,QB,0,0,0,0,0,0,0,0,0,0,0,0,0,0,0,Cal Poly-San Luis Obispo,2002,0.0
3415,7,232,SEA,Jeff Kelly,QB,23,0,0,0,0,0,0,0,0,0,0,0,0,0,0,Southern Miss,2002,0.0
3419,7,236,BAL,Wes Pate,QB,0,0,0,0,0,0,0,0,0,0,0,0,0,0,0,S.F. Austin,2002,0.0
3445,1,1,CIN,Carson Palmer,QB,23,2017,0,3,12,107,182,3941,6307,46247,294,187,301,474,8,USC,2003,1.480616927379686
3451,1,7,JAX,Byron Leftwich,QB,23,2012,0,0,3,33,60,930,1605,10532,58,42,137,415,10,Marshall,2003,1.071087715545539
3463,1,19,BAL,Kyle Boller,QB,22,2011,0,0,4,16,67,861,1519,8931,48,54,176,572,2,California,2003,0.4037335945721155
3466,1,22,CHI,Rex Grossman,QB,23,2011,0,0,3,23,54,863,1562,10232,56,60,81,106,4,Florida,2003,0.7689274696921735
3532,3,88,HOU,Dave Ragone,QB,23,2003,0,0,0,1,2,20,40,135,0,1,6,51,0,Louisville,2003,0.25
3541,3,97,TAM,Chris Simms,QB,23,2009,0,0,1,8,23,297,511,3117,12,18,33,48,1,Texas,2003,0.48502930128332733
3554,4,110,SEA,Seneca Wallace,QB,23,2013,0,0,1,14,64,468,788,4947,31,19,68,293,1,Iowa St.,2003,0.35959174004566813
3607,5,163,PIT,Brian St. Pierre,QB,23,2010,0,0,0,0,3,15,33,185,2,3,5,-1,0,Boston Col.,2003,0.0
3636,6,192,HOU,Drew Henson,QB,23,2008,0,0,0,0,9,11,20,98,1,1,1,7,0,Michigan,2003,0.0
3644,6,200,NYJ,Brooks Bollinger,QB,23,2008,0,0,1,6,21,211,360,2226,9,9,41,155,0,Wisconsin,2003,0.37329628202745796
3645,6,201,NWE,Kliff Kingsbury,QB,24,2005,0,0,0,0,1,1,2,17,0,0,0,0,0,Texas Tech,2003,0.0
3676,7,232,WAS,Gibran Hamdan,QB,22,2003,0,0,0,0,1,1,2,7,0,0,0,0,0,Indiana,2003,0.0
3685,7,241,SFO,Ken Dorsey,QB,22,2008,0,0,0,2,16,214,408,2082,8,18,11,18,0,Miami (FL),2003,0.1276331505552261
3707,1,1,SDG,Eli Manning,QB,23,2019,0,4,14,121,236,4895,8119,57023,366,244,315,567,7,Mississippi,2004,1.326677877599763
3710,1,4,NYG,Philip Rivers,QB,22,2020,0,8,15,149,244,5277,8134,63440,421,209,383,601,3,North Carolina St.,2004,1.6477389770037727
3717,1,11,PIT,Ben Roethlisberger,QB,22,2021,0,6,17,131,249,5440,8443,64088,418,211,515,1373,20,Miami (OH),2004,1.383731518300248
3728,1,22,BUF,J.P. Losman,QB,23,2011,0,0,1,19,45,564,952,6271,33,34,105,490,3,Tulane,2004,0.7284612642345892
3796,3,90,ATL,Matt Schaub,QB,23,2020,0,2,7,68,155,2148,3348,25467,136,91,196,353,4,Virginia,2004,1.0071891596805842
3812,4,106,CLE,Luke McCown,QB,23,2015,0,0,0,8,62,216,356,2370,9,15,34,177,0,Louisiana Tech,2004,0.18946457081379975
3854,5,148,CHI,Craig Krenzel,QB,23,2004,0,0,0,1,6,59,127,718,3,6,18,41,0,Ohio St.,2004,0.125
3891,6,185,PHI,Andy Hall,QB,23,0,0,0,0,0,0,0,0,0,0,0,0,0,0,Delaware,2004,0.0
3893,6,187,BAL,Josh Harris,QB,0,0,0,0,0,0,0,0,0,0,0,0,0,0,0,Bowling Green,2004,0.0
3899,6,193,IND,Jim Sorgi,QB,23,2009,0,0,0,5,16,99,156,929,6,1,31,0,0,Wisconsin,2004,0.38325823929478187
3907,6,201,STL,Jeff Smoker,QB,0,0,0,0,0,0,0,0,0,0,0,0,0,0,0,Michigan St.,2004,0.0
3908,7,202,ARI,John Navarre,QB,23,2005,0,0,0,0,2,32,64,342,2,5,0,0,0,Michigan,2004,0.0
3923,7,217,SFO,Cody Pickett,QB,24,2005,0,0,0,1,6,18,45,195,0,4,14,47,0,Washington,2004,0.125
3924,7,218,CIN,Casey Bramlet,QB,0,0,0,0,0,0,0,0,0,0,0,0,0,0,0,Wyoming,2004,0.0
3931,7,225,DEN,Matt Mauck,QB,25,2005,0,0,0,1,2,15,27,136,0,1,7,39,0,LSU,2004,0.25
3954,7,248,HOU,B.J. Symons,QB,0,0,0,0,0,0,0,0,0,0,0,0,0,0,0,Texas Tech,2004,0.0
3956,7,250,DEN,Bradlee Van Pelt,QB,24,2005,0,0,0,0,3,2,8,7,0,0,11,48,1,Colorado St.,2004,0.0
3962,1,1,SFO,Alex Smith,QB,21,2020,0,3,14,98,174,3250,5193,35650,199,109,580,2604,15,Utah,2005,1.393024077612515
3985,1,24,GNB,Aaron Rodgers,QB,21,2023,4,10,14,163,231,5001,7661,59055,475,105,719,3466,35,California,2005,1.9376226576241715
3986,1,25,WAS,Jason Campbell,QB,23,2014,0,0,5,48,90,1519,2518,16771,87,60,240,1204,6,Auburn,2005,1.1316227177715115
4028,3,67,CLE,Charlie Frye,QB,24,2009,0,0,1,8,26,419,677,4154,17,29,72,347,4,Akron,2005,0.433061876145828
4030,3,69,OAK,Andrew Walter,QB,23,2008,0,0,1,1,15,174,333,1919,3,16,19,49,0,Arizona St.,2005,0.058823529411764705
4046,3,85,SEA,David Greene,QB,0,0,0,0,0,0,0,0,0,0,0,0,0,0,0,Georgia,2005,0.0
4067,4,106,CHI,Kyle Orton,QB,22,2014,0,0,5,40,87,1613,2712,18037,101,69,126,296,4,Purdue,2005,0.9399007214303579
4082,4,121,CAR,Stefan Lefors,QB,0,0,0,0,0,0,0,0,0,0,0,0,0,0,0,Louisville,2005,0.0
4106,5,145,DET,Dan Orlovsky,QB,22,2015,0,0,1,7,26,298,512,3132,15,13,13,34,0,Connecticut,2005,0.368943290398638
4113,5,152,NOR,Adrian McPherson,QB,0,0,0,0,0,0,0,0,0,0,0,0,0,0,0,Florida St.,2005,0.0
4174,6,213,BAL,Derek Anderson,QB,22,2018,0,1,3,23,78,909,1674,10878,60,64,102,226,5,Oregon St.,2005,0.5382492287845214
4190,7,229,KAN,James Kilian,QB,0,0,0,0,0,0,0,0,0,0,0,0,0,0,0,Tulsa,2005,0.0
4191,7,230,NWE,Matt Cassel,QB,23,2018,0,1,6,47,107,1578,2683,17508,104,82,268,1025,5,USC,2005,0.9313028491094486
4211,7,250,STL,Ryan Fitzpatrick,QB,22,2021,0,0,10,78,166,3072,5060,34990,223,169,574,2625,21,Harvard,2005,1.1096965644849437
4219,1,3,TEN,Vince Young,QB,23,2011,0,2,4,33,60,755,1304,8964,46,51,282,1459,12,Texas,2006,1.071087715545539
4226,1,10,ARI,Matt Leinart,QB,23,2012,0,0,1,12,33,366,641,4065,15,21,47,89,2,USC,2006,0.5635720558344773
4227,1,11,DEN,Jay Cutler,QB,23,2017,0,1,10,86,153,3048,4920,35133,227,160,386,1682,9,Vanderbilt,2006,1.3522794344966917
4265,2,49,NYJ,Kellen Clemens,QB,23,2017,0,0,2,10,64,350,638,4053,16,21,85,227,3,Oregon,2006,0.24013533219107777
4280,2,64,MIN,Tarvaris Jackson,QB,23,2015,0,0,2,22,59,640,1073,7263,39,35,171,636,6,Alabama St.,2006,0.6692330524209484
4297,3,81,SDG,Charlie Whitehurst,QB,24,2016,0,0,0,7,25,219,396,2463,11,8,56,156,2,Clemson,2006,0.38260785670969866
4301,3,85,KAN,Brodie Croyle,QB,23,2010,0,0,0,2,18,181,319,1669,8,9,10,15,0,Alabama,2006,0.11486983549970349
4319,4,103,NYJ,Brad Smith,QB,22,2014,0,0,1,17,127,4,10,51,1,2,134,972,4,Missouri,2006,0.23224640242751463
4364,5,148,GNB,Ingle Martin,QB,24,2006,0,0,0,0,1,0,0,0,0,0,2,-5,0,Furman,2006,0.0
4380,5,164,PIT,Omar Jacobs,QB,0,0,0,0,0,0,0,0,0,0,0,0,0,0,0,Bowling Green,2006,0.0
4409,6,193,CIN,Reggie McNeal,QB,22,2006,0,0,0,0,7,0,0,0,0,0,1,8,0,Texas A&M,2006,0.0
4410,6,194,TAM,Bruce Gradkowski,QB,23,2014,0,0,1,8,37,375,709,4057,21,24,88,329,0,Toledo,2006,0.3109162187713637
4439,7,223,ATL,D.J. Shockley,QB,0,0,0,0,0,0,0,0,0,0,0,0,0,0,0,Georgia,2006,0.0
4472,1,1,OAK,JaMarcus Russell,QB,22,2009,0,0,2,6,31,354,680,4083,18,23,40,175,1,LSU,2007,0.2601761965645919
4493,1,22,CLE,Brady Quinn,QB,22,2012,0,0,1,2,24,296,550,3043,12,17,44,185,1,Notre Dame,2007,0.08836141192284884
4507,2,36,PHI,Kevin Kolb,QB,23,2012,0,0,1,12,34,449,755,5206,28,25,69,229,2,Houston,2007,0.5479172765057418
4511,2,40,MIA,John Beck,QB,26,2011,0,0,0,4,9,140,239,1417,3,7,19,55,3,BYU,2007,0.4798210584628706
4514,2,43,DET,Drew Stanton,QB,23,2017,0,0,1,10,38,345,659,4059,20,24,80,220,2,Michigan St.,2007,0.39622329811527834
4563,3,92,BUF,Trent Edwards,QB,23,2012,0,0,2,16,38,563,929,6033,26,30,78,330,3,Stanford,2007,0.6964404506368992
4574,4,103,DAL,Isaiah Stanback,QB,23,2012,0,0,0,0,22,0,0,0,0,0,0,0,0,Washington,2007,0.0
4622,5,151,CIN,Jeff Rowe,QB,23,0,0,0,0,0,0,0,0,0,0,0,0,0,0,Nevada,2007,0.0
4645,5,174,BAL,Troy Smith,QB,23,2010,0,0,0,6,20,121,234,1734,8,5,52,230,3,Ohio St.,2007,0.39026429484688785
4676,6,205,WAS,Jordan Palmer,QB,23,2014,0,0,0,0,5,11,18,66,0,2,2,3,0,Texas-El Paso,2007,0.0
4688,7,217,MIN,Tyler Thigpen,QB,23,2012,0,0,1,10,29,275,509,3222,21,18,79,469,3,Coastal Carolina,2007,0.511255868535843
4729,1,3,ATL,Matt Ryan,QB,23,2022,1,4,15,146,234,5551,8464,62792,381,183,514,1539,13,Boston Col.,2008,1.6761443751225782
4744,1,18,BAL,Joe Flacco,QB,23,2023,0,0,12,95,188,4004,6503,43936,245,155,377,864,16,Delaware,2008,1.2431247851060507
4782,2,56,GNB,Brian Brohm,QB,22,2010,0,0,0,0,3,27,52,252,0,5,3,-3,0,Louisville,2008,0.0
4783,2,57,MIA,Chad Henne,QB,23,2022,0,0,3,26,78,1200,2015,13290,60,63,143,351,4,Michigan,2008,0.6235596872782245
4820,3,94,NWE,Kevin O'Connell,QB,23,2008,0,0,0,0,2,4,6,23,0,0,3,-6,0,San Diego St.,2008,0.0
4863,5,137,MIN,John David Booty,QB,0,0,0,0,0,0,0,0,0,0,0,0,0,0,0,USC,2008,0.0
4882,5,156,PIT,Dennis Dixon,QB,23,2010,0,0,0,2,4,35,59,402,1,2,10,56,1,Oregon,2008,0.3828994516656783
4886,5,160,TAM,Josh Johnson,QB,22,2022,0,0,0,7,39,206,355,2280,13,16,78,425,1,San Diego,2008,0.2519612714917528
4888,5,162,NYJ,Erik Ainge,QB,22,0,0,0,0,0,0,0,0,0,0,0,0,0,0,Tennessee,2008,0.0
4912,6,186,WAS,Colt Brennan,QB,25,0,0,0,0,0,0,0,0,0,0,0,0,0,0,Hawaii,2008,0.0
4924,6,198,NYG,Andre Woodson,QB,24,0,0,0,0,0,0,0,0,0,0,0,0,0,0,Kentucky,2008,0.0
4935,7,209,GNB,Matt Flynn,QB,23,2014,0,0,0,8,51,219,357,2541,17,11,65,69,1,LSU,2008,0.22878740626572044
4949,7,223,HOU,Alex Brink,QB,23,0,0,0,0,0,0,0,0,0,0,0,0,0,0,Washington St.,2008,0.0
4979,1,1,DET,Matthew Stafford,QB,21,2023,0,2,13,121,206,4834,7649,56047,357,180,411,1315,15,Georgia,2009,1.518025648407421
4983,1,5,NYJ,Mark Sanchez,QB,22,2018,0,0,4,32,79,1314,2320,15357,86,89,170,457,13,USC,2009,0.7901234567901234
4995,1,17,TAM,Josh Freeman,QB,21,2015,0,0,4,37,62,1179,2048,13873,81,68,205,946,4,Kansas St.,2009,1.1903155164016426
5022,2,44,MIA,Pat White,QB,23,2009,0,0,0,1,13,0,5,0,0,0,21,81,0,West Virginia,2009,0.06666666666666667
5079,4,101,DAL,Stephen McGee,QB,23,2011,0,0,0,2,3,46,82,420,3,0,17,102,0,Texas A&M,2009,0.45947934199881396
5129,5,151,NYG,Rhett Bomar,QB,24,0,0,0,0,0,0,0,0,0,0,0,0,0,0,Sam Houston St.,2009,0.0
5149,5,171,SFO,Nate Davis,QB,22,0,0,0,0,0,0,0,0,0,0,0,0,0,0,Ball St.,2009,0.0
5152,6,174,DEN,Tom Brandstater,QB,24,2011,0,0,0,0,1,0,2,0,0,0,0,0,0,Fresno St.,2009,0.0
5156,6,178,SEA,Mike Teel,QB,23,0,0,0,0,0,0,0,0,0,0,0,0,0,0,Rutgers,2009,0.0
5174,6,196,STL,Keith Null,QB,23,2009,0,0,0,1,4,73,119,566,3,9,5,6,0,West Texas A&M,2009,0.16666666666666666
5179,6,201,IND,Curtis Painter,QB,24,2013,0,0,1,2,14,148,287,1681,6,13,23,109,0,Purdue,2009,0.14358729437462936
5235,1,1,STL,Sam Bradford,QB,22,2018,0,0,5,44,83,1855,2967,19449,103,61,146,340,2,Oklahoma,2010,1.1033779127520202
5259,1,25,DEN,Tim Tebow,QB,23,2012,0,0,1,12,35,173,361,2422,17,9,197,989,12,Florida,2010,0.5331087014650461
5282,2,48,CAR,Jimmy Clausen,QB,22,2015,0,0,1,3,21,255,472,2520,7,14,37,102,0,Notre Dame,2010,0.16248664429767617
5319,3,85,CLE,Colt McCoy,QB,24,2022,0,0,2,17,56,764,1220,7975,34,32,175,582,2,Texas,2010,0.5165480329853342
5356,4,122,PHI,Mike Kafka,QB,23,2011,0,0,0,0,4,11,16,107,0,2,3,0,0,Northwestern,2010,0.0
5389,5,155,ARI,John Skelton,QB,22,2012,0,0,1,4,20,320,602,3707,15,25,42,182,0,Fordham,2010,0.2399105292314353
5402,5,168,SDG,Jonathan Crompton,QB,23,0,0,0,0,0,0,0,0,0,0,0,0,0,0,Tennessee,2010,0.0
5410,6,176,TEN,Rusty Smith,QB,23,2012,0,0,0,1,3,23,45,234,0,4,0,0,0,Florida Atlantic,2010,0.2
5415,6,181,CHI,Dan LeFevour,QB,23,0,0,0,0,0,0,0,0,0,0,0,0,0,0,Central Michigan,2010,0.0
5438,6,204,CAR,Tony Pike,QB,24,2010,0,0,0,0,1,6,12,47,0,0,0,0,0,Cincinnati,2010,0.0
5443,7,209,BUF,Levi Brown,QB,23,2010,0,0,0,0,1,2,3,24,0,1,0,0,0,Troy,2010,0.0
5473,7,239,NOR,Sean Canfield,QB,24,0,0,0,0,0,0,0,0,0,0,0,0,0,0,Oregon St.,2010,0.0
5484,7,250,NWE,Zac Robinson,QB,23,0,0,0,0,0,0,0,0,0,0,0,0,0,0,Oklahoma St.,2010,0.0
5490,1,1,CAR,Cam Newton,QB,22,2021,1,3,9,115,148,2682,4474,32382,194,123,1118,5628,75,Auburn,2011,1.980369136567007
5497,1,8,TEN,Jake Locker,QB,23,2014,0,0,1,15,30,408,709,4967,27,22,95,644,5,Washington,2011,0.8056743410566306
5499,1,10,JAX,Blaine Gabbert,QB,21,2023,0,0,2,17,69,882,1568,9487,51,50,201,685,3,Missouri,2011,0.42196881567816036
5501,1,12,MIN,Christian Ponder,QB,23,2014,0,0,3,22,38,632,1057,6658,38,36,126,639,7,Florida St.,2011,1.0205804049419462
5524,2,35,CIN,Andy Dalton,QB,23,2023,0,3,11,91,169,3408,5454,38511,246,144,471,1477,22,TCU,2011,1.3117575133751174
5525,2,36,SFO,Colin Kaepernick,QB,23,2016,0,0,4,45,69,1011,1692,12271,72,30,375,2300,13,Nevada,2011,1.357052557397529
5563,3,74,NWE,Ryan Mallett,QB,23,2017,0,0,0,4,21,190,345,1835,9,10,28,-5,1,Arkansas,2011,0.2294796366561555
5624,5,135,KAN,Ricky Stanzi,QB,24,0,0,0,0,0,0,0,0,0,0,0,0,0,0,Iowa,2011,0.0
5641,5,152,HOU,T.J. Yates,QB,24,2017,0,0,0,6,22,179,324,2057,10,11,28,107,1,North Carolina,2011,0.35774227027631383
5649,5,160,CHI,Nathan Enderle,QB,23,0,0,0,0,0,0,0,0,0,0,0,0,0,0,Idaho,2011,0.0
5669,6,180,BAL,Tyrod Taylor,QB,22,2023,0,1,3,48,92,1068,1730,12135,65,29,404,2268,19,Virginia Tech,2011,1.10754563866999
5697,7,208,NYJ,Greg McElroy,QB,23,2012,0,0,0,1,2,19,31,214,1,1,8,30,0,Alabama,2011,0.25
5744,1,1,IND,Andrew Luck,QB,22,2018,0,4,5,72,86,2000,3290,23671,171,83,332,1590,14,Stanford,2012,1.9244929459494655
5745,1,2,WAS,Robert Griffin III,QB,22,2020,0,1,3,36,56,799,1268,9271,43,30,307,1809,10,Baylor,2012,1.270969144807791
5751,1,8,MIA,Ryan Tannehill,QB,24,2023,0,1,10,91,155,3063,4764,34881,216,115,440,2103,27,Texas A&M,2012,1.4287295209372297
5765,1,22,CLE,Brandon Weeden,QB,28,2018,0,0,1,13,35,559,965,6462,31,30,62,200,1,Oklahoma St.,2012,0.5868543102797982
5800,2,57,DEN,Brock Osweiler,QB,21,2018,0,0,1,14,49,697,1165,7418,37,31,92,266,4,Arizona St.,2012,0.46535401652968816
5818,3,75,SEA,Russell Wilson,QB,23,2023,0,9,11,136,188,3668,5665,43653,334,106,981,5307,29,Wisconsin,2012,1.9120228984280156
5831,3,88,PHI,Nick Foles,QB,23,2022,0,1,3,32,71,1302,2087,14227,82,47,151,407,6,Arizona,2012,0.8767123287671232
5845,4,102,WAS,Kirk Cousins,QB,24,2023,0,4,8,94,150,3465,5177,39471,270,110,304,958,19,Michigan St.,2012,1.534298414928845
5986,7,243,GNB,B.J. Coleman,QB,23,0,0,0,0,0,0,0,0,0,0,0,0,0,0,Chattanooga,2012,0.0
5996,7,253,IND,Chandler Harnish,QB,24,0,0,0,0,0,0,0,0,0,0,0,0,0,0,Northern Illinois,2012,0.0
6012,1,16,BUF,EJ Manuel,QB,23,2017,0,0,1,10,30,343,590,3767,20,16,96,339,4,Florida St.,2013,0.4952791226440979
6035,2,39,NYJ,Geno Smith,QB,22,2023,0,2,3,42,77,1314,2077,14823,84,57,263,1222,10,West Virginia,2013,1.1227215459316917
6069,3,73,TAM,Mike Glennon,QB,23,2021,0,0,1,9,40,689,1147,7025,47,35,56,140,1,North Carolina St.,2013,0.33253833726757703
6094,4,98,PHI,Matt Barkley,QB,22,2023,0,0,1,5,20,212,363,2699,11,22,26,-15,0,USC,2013,0.31357492305936696
6106,4,110,NYG,Ryan Nassib,QB,23,2015,0,0,0,0,5,9,10,128,1,0,2,-3,0,Syracuse,2013,0.0
6108,4,112,OAK,Tyler Wilson,QB,24,0,0,0,0,0,0,0,0,0,0,0,0,0,0,Arkansas,2013,0.0
6111,4,115,PIT,Landry Jones,QB,24,2017,0,0,0,4,18,108,169,1310,8,7,19,-19,0,Oklahoma,2013,0.2639015821545788
6217,7,221,SDG,Brad Sorensen,QB,25,0,0,0,0,0,0,0,0,0,0,0,0,0,0,Southern Utah,2013,0.0
6230,7,234,DEN,Zac Dysert,QB,23,0,0,0,0,0,0,0,0,0,0,0,0,0,0,Miami (OH),2013,0.0
6233,7,237,SFO,B.J. Daniels,QB,24,2015,0,0,0,0,8,1,2,7,0,0,6,6,0,South Florida,2013,0.0
6245,7,249,ATL,Sean Renfree,QB,23,2015,0,0,0,0,2,3,7,11,0,1,1,-4,0,Duke,2013,0.0
6253,1,3,JAX,Blake Bortles,QB,22,2019,0,0,5,44,78,1562,2634,17649,103,75,283,1766,8,Central Florida,2014,1.1723390322990215
6272,1,22,CLE,Johnny Manziel,QB,21,2015,0,0,0,4,14,147,258,1675,7,7,46,259,1,Texas A&M,2014,0.32987697769322355
6282,1,32,MIN,Teddy Bridgewater,QB,21,2023,0,1,4,49,79,1372,2067,15120,75,47,221,844,11,Louisville,2014,1.3174989481439037
6286,2,36,OAK,Derek Carr,QB,23,2023,0,4,9,90,159,3576,5506,39100,242,107,310,885,6,Fresno St.,2014,1.3748810790462278
6312,2,62,NWE,Jimmy Garoppolo,QB,22,2023,0,0,3,47,81,1277,1895,15494,94,51,185,264,7,Eastern Illinois,2014,1.2230362717220469
6370,4,120,ARI,Logan Thomas,QB,23,2023,0,0,2,15,94,3,11,124,1,0,4,7,0,Virginia Tech,2014,0.26855811368554355
6385,4,135,HOU,Tom Savage,QB,24,2017,0,0,1,3,13,181,315,2000,5,7,16,8,0,Pittsburgh,2014,0.24914618792310345
6413,5,163,KAN,Aaron Murray,QB,23,0,0,0,0,0,0,0,0,0,0,0,0,0,0,Georgia,2014,0.0
6414,5,164,CIN,A.J. McCarron,QB,23,2023,0,0,0,4,19,113,179,1192,6,3,22,68,1,Alabama,2014,0.25133484014721796
6428,6,178,TEN,Zach Mettenberger,QB,23,2015,0,0,1,1,14,208,345,2347,12,14,14,12,1,LSU,2014,0.0625
6433,6,183,CHI,David Fales,QB,23,2019,0,0,0,1,5,31,48,287,1,1,5,8,1,San Jose St.,2014,0.14285714285714285
6444,6,194,BAL,Keith Wenning,QB,23,0,0,0,0,0,0,0,0,0,0,0,0,0,0,Ball St.,2014,0.0
6463,6,213,NYJ,Tajh Boyd,QB,23,0,0,0,0,0,0,0,0,0,0,0,0,0,0,Clemson,2014,0.0
6464,6,214,STL,Garrett Gilbert,QB,23,2021,0,0,0,2,8,43,75,477,1,1,6,25,0,SMU,2014,0.22973967099940698
6507,1,1,TAM,Jameis Winston,QB,21,2023,0,1,5,60,93,1763,2882,22104,141,99,298,1214,11,Florida St.,2015,1.432378834904876
6508,1,2,TEN,Marcus Mariota,QB,21,2023,0,0,5,54,90,1327,2118,15820,93,55,357,2064,17,Oregon,2015,1.3034209118025832
6581,3,75,NOR,Garrett Grayson,QB,24,0,0,0,0,0,0,0,0,0,0,0,0,0,0,Colorado St.,2015,0.0
6595,3,89,STL,Sean Mannion,QB,23,2021,0,0,0,2,14,67,110,573,1,3,25,-3,0,Oregon St.,2015,0.14358729437462936
6609,4,103,NYJ,Bryce Petty,QB,24,2017,0,0,0,4,10,130,245,1353,4,10,12,74,0,Baylor,2015,0.4398359702576314
6653,5,147,GNB,Brett Hundley,QB,22,2019,0,0,1,5,18,199,337,1902,9,13,46,309,2,UCLA,2015,0.34493241536530367
6756,7,250,DEN,Trevor Siemian,QB,23,2023,0,0,2,16,40,707,1208,7751,44,32,84,251,2,Northwestern,2015,0.6632766196541897
6763,1,1,LAR,Jared Goff,QB,21,2023,0,3,6,83,117,2657,4107,30429,185,82,241,495,12,California,2016,1.6879001409930658
6764,1,2,PHI,Carson Wentz,QB,23,2023,0,1,6,60,95,2073,3308,22292,153,67,354,1418,11,North Dakota St.,2016,1.4028452506800333
6788,1,26,DEN,Paxton Lynch,QB,22,2017,0,0,0,2,5,79,128,792,4,4,16,55,0,Memphis,2016,0.3281995299991528
6813,2,51,NYJ,Christian Hackenberg,QB,21,0,0,0,0,0,0,0,0,0,0,0,0,0,0,Penn St.,2016,0.0
6853,3,91,NWE,Jacoby Brissett,QB,23,2023,0,0,3,34,79,981,1600,10574,51,23,230,915,15,North Carolina St.,2016,0.8497470813456306
6855,3,93,CLE,Cody Kessler,QB,23,2018,0,0,1,5,17,224,349,2215,8,5,31,140,0,USC,2016,0.36308675301610915
6862,4,100,OAK,Connor Cook,QB,23,2016,0,0,0,0,1,14,21,150,1,1,0,0,0,Michigan St.,2016,0.0
6897,4,135,DAL,Dak Prescott,QB,23,2023,0,4,6,91,114,2595,3873,29459,202,74,407,1884,28,Mississippi St.,2016,1.9337115067857333
6901,4,139,BUF,Cardale Jones,QB,23,2016,0,0,0,0,1,6,11,96,0,1,1,-1,0,Ohio St.,2016,0.0
6924,5,162,KAN,Kevin Hogan,QB,23,2021,0,0,0,2,9,60,101,621,4,7,18,176,1,Stanford,2016,0.20885424636309724
6949,6,187,WAS,Nate Sudfeld,QB,22,2022,0,0,0,1,6,25,37,188,1,1,10,28,0,Indiana,2016,0.125
6953,6,191,DET,Jake Rudock,QB,23,2017,0,0,0,0,3,3,5,24,0,1,0,0,0,Michigan,2016,0.0
6963,6,201,JAX,Brandon Allen,QB,24,2022,0,0,0,4,15,149,263,1611,10,6,33,64,0,Arkansas,2016,0.3104724495936222
6969,6,207,SFO,Jeff Driskel,QB,23,2023,0,0,0,7,24,229,391,2394,16,10,80,417,3,Louisiana Tech,2016,0.39732354350622556
6985,7,223,MIA,Brandon Doughty,QB,24,0,0,0,0,0,0,0,0,0,0,0,0,0,0,Western Kentucky,2016,0.0
7017,1,2,CHI,Mitchell Trubisky,QB,23,2023,0,1,4,38,69,1200,1872,12536,72,48,238,1173,13,North Carolina,2017,1.1078525641563568
7025,1,10,KAN,Patrick Mahomes,QB,21,2023,2,6,5,96,96,2386,3590,28424,219,63,374,1936,12,Texas Tech,2017,2.4406157184304007
7027,1,12,HOU,Deshaun Watson,QB,21,2023,0,3,3,58,66,1390,2089,16756,118,45,369,1994,19,Clemson,2017,1.921342013956983
7067,2,52,CLE,DeShone Kizer,QB,21,2018,0,0,1,6,18,275,518,3081,11,24,82,458,5,Notre Dame,2017,0.4292907243315766
7102,3,87,NYG,Davis Webb,QB,22,2022,0,0,0,1,2,23,40,168,1,0,8,38,1,California,2017,0.25
7119,3,104,SFO,C.J. Beathard,QB,23,2023,0,0,0,9,32,340,563,3886,19,14,64,266,4,Iowa,2017,0.4107826519187716
7150,4,135,PIT,Joshua Dobbs,QB,22,2023,0,0,0,8,21,312,502,2920,15,13,91,496,6,Tennessee,2017,0.5272057622644862
7186,5,171,BUF,Nathan Peterman,QB,23,2023,0,0,0,3,15,85,160,712,4,13,24,87,1,Pittsburgh,2017,0.21983487169685598
7230,6,215,DET,Brad Kaaya,QB,22,0,0,0,0,0,0,0,0,0,0,0,0,0,0,Miami (FL),2017,0.0
7268,7,253,DEN,Chad Kelly,QB,23,2018,0,0,0,0,1,0,0,0,0,0,1,-1,0,Mississippi,2017,0.0
7269,1,1,CLE,Baker Mayfield,QB,23,2023,0,1,4,57,89,1750,2825,20332,130,74,251,823,7,Oklahoma,2018,1.4060748314148706
7271,1,3,NYJ,Sam Darnold,QB,21,2023,0,0,4,25,66,1082,1811,12064,63,56,209,760,13,USC,2018,0.6998727715867199
7275,1,7,BUF,Josh Allen,QB,22,2023,0,3,5,83,94,1989,3145,22703,167,78,657,3611,53,Wyoming,2018,2.092292883105988
7278,1,10,ARI,Josh Rosen,QB,21,2021,0,0,1,3,24,277,513,2864,12,21,26,151,0,UCLA,2018,0.14373818534025198
7300,1,32,BAL,Lamar Jackson,QB,21,2023,2,3,4,84,86,1362,2112,15887,125,45,875,5258,29,Louisville,2018,2.315540978217853
7344,3,76,PIT,Mason Rudolph,QB,23,2023,0,0,1,7,21,291,458,3085,19,11,43,97,0,Oklahoma St.,2018,0.4491483535287767
7376,4,108,NYG,Kyle Lauletta,QB,23,2018,0,0,0,0,2,0,5,0,0,1,1,-2,0,Richmond,2018,0.0
7439,5,171,DAL,Mike White,QB,23,2023,0,0,0,5,14,196,313,2219,9,13,19,-1,1,Western Kentucky,2018,0.4311655192066296
7467,6,199,TEN,Luke Falk,QB,23,2019,0,0,0,1,3,47,73,416,0,3,0,0,0,Washington St.,2018,0.2
7471,6,203,JAX,Tanner Lee,QB,23,0,0,0,0,0,0,0,0,0,0,0,0,0,0,Nebraska,2018,0.0
7487,7,219,NWE,Danny Etling,QB,24,0,0,0,0,0,0,0,0,0,0,0,0,0,0,LSU,2018,0.0
7488,7,220,SEA,Alex McGough,QB,22,0,0,0,0,0,0,0,0,0,0,0,0,0,0,Florida International,2018,0.0
7517,7,249,CIN,Logan Woodside,QB,23,2023,0,0,0,0,13,4,7,34,0,1,14,10,0,Toledo,2018,0.0
7525,1,1,ARI,Kyler Murray,QB,22,2023,0,2,4,57,65,1492,2239,15647,94,46,425,2448,26,Oklahoma,2019,1.9097434277425855
7530,1,6,NYG,Daniel Jones,QB,22,2023,0,0,4,38,60,1221,1900,12512,62,40,332,1914,13,Duke,2019,1.268669871856473
7539,1,15,WAS,Dwayne Haskins,QB,22,2020,0,0,0,4,16,267,444,2804,12,14,40,147,1,Ohio St.,2019,0.2932239801717543
7566,2,42,DEN,Drew Lock,QB,22,2023,0,0,1,13,28,469,786,5283,28,23,77,299,5,Missouri,2019,0.7237869826784177
7624,3,100,CAR,Will Grier,QB,24,2019,0,0,0,1,2,28,52,228,0,4,7,22,0,West Virginia,2019,0.25
7628,4,104,CIN,Ryan Finley,QB,24,2020,0,0,0,2,8,58,119,638,3,4,21,143,1,North Carolina St.,2019,0.22973967099940698
7657,4,133,NWE,Jarrett Stidham,QB,23,2023,0,0,0,6,16,117,197,1422,8,8,32,97,0,Auburn,2019,0.4769896937017518
7690,5,166,LAC,Easton Stick,QB,23,2023,0,0,0,4,6,112,175,1133,3,1,28,142,1,North Dakota St.,2019,0.6597539553864471
7691,5,167,PHI,Clayton Thorson,QB,24,0,0,0,0,0,0,0,0,0,0,0,0,0,0,Northwestern,2019,0.0
7702,6,178,JAX,Gardner Minshew II,QB,23,2023,0,1,2,29,49,891,1423,9937,59,24,146,621,5,Washington St.,2019,1.1150835816898408
7721,6,197,BAL,Trace McSorley,QB,24,2022,0,0,0,1,9,48,93,502,1,5,21,79,0,Penn St.,2019,0.09090909090909091
7779,1,1,CIN,Joe Burrow,QB,23,2023,0,1,3,44,52,1288,1895,14083,97,37,183,605,10,LSU,2020,1.7367985663689207
7783,1,5,MIA,Tua Tagovailoa,QB,22,2023,0,1,3,38,53,1096,1638,12639,81,37,136,381,6,Alabama,2020,1.4301369464563878
7784,1,6,LAC,Justin Herbert,QB,22,2023,0,1,3,52,62,1613,2422,17223,114,42,224,911,11,Oregon,2020,1.790704967547405
7804,1,26,GNB,Jordan Love,QB,21,2023,0,0,0,18,27,422,662,4765,35,14,63,273,4,Utah St.,2020,1.1064429049444158
7831,2,53,PHI,Jalen Hurts,QB,22,2023,0,2,2,56,62,1000,1578,11764,67,34,524,2503,41,Oklahoma,2020,1.9572471007602528
7900,4,122,IND,Jacob Eason,QB,22,2022,0,0,0,0,2,5,10,84,0,2,0,0,0,Washington,2020,0.0
7903,4,125,NYJ,James Morgan,QB,23,0,0,0,0,0,0,0,0,0,0,0,0,0,0,Florida International,2020,0.0
7945,5,167,BUF,Jake Fromm,QB,22,2021,0,0,0,1,3,27,60,210,1,3,8,65,0,Georgia,2020,0.2
7967,6,189,JAX,Jake Luton,QB,24,2020,0,0,0,2,3,60,110,624,2,6,1,13,1,Oregon St.,2020,0.45947934199881396
8002,7,224,TEN,Cole McDonald,QB,22,0,0,0,0,0,0,0,0,0,0,0,0,0,0,Hawaii,2020,0.0
8009,7,231,DAL,Ben DiNucci,QB,23,2020,0,0,0,1,3,23,43,219,0,0,6,22,0,James Madison,2020,0.2
8018,7,240,NOR,Tommy Stevens,QB,23,2020,0,0,0,0,1,0,0,0,0,0,4,24,0,Mississippi St.,2020,0.0
8022,7,244,MIN,Nate Stanley,QB,23,0,0,0,0,0,0,0,0,0,0,0,0,0,0,Iowa,2020,0.0
8034,1,1,JAX,Trevor Lawrence,QB,21,2023,0,1,2,34,50,1116,1750,11770,58,39,205,964,11,Clemson,2021,1.3236444920960784
8035,1,2,NYJ,Zach Wilson,QB,22,2023,0,0,2,13,34,566,993,6293,23,25,93,498,5,BYU,2021,0.6031558188986814
8036,1,3,SFO,Trey Lance,QB,21,2022,0,0,0,4,8,56,102,797,5,3,54,235,1,North Dakota St.,2021,0.5278031643091576
8044,1,11,CHI,Justin Fields,QB,22,2023,0,0,1,34,40,578,958,6674,40,30,356,2220,14,Ohio St.,2021,1.6387979425951447
8048,1,15,NWE,Mac Jones,QB,23,2023,0,1,2,24,42,864,1308,8918,46,36,117,327,1,Alabama,2021,1.0299136486853475
8097,2,64,TAM,Kyle Trask,QB,23,2023,0,0,0,0,3,3,10,23,0,0,1,-1,0,Florida,2021,0.0
8099,3,66,MIN,Kellen Mond,QB,22,2021,0,0,0,0,1,2,3,5,0,0,0,0,0,Texas A&M,2021,0.0
8100,3,67,HOU,Davis Mills,QB,22,2023,0,0,2,15,34,573,912,5955,35,25,52,161,2,Stanford,2021,0.7161549698281161
8166,4,133,NOR,Ian Book,QB,23,2021,0,0,0,0,1,12,20,135,0,2,3,6,0,Notre Dame,2021,0.0
8251,6,218,IND,Sam Ehlinger,QB,22,2023,0,0,0,2,8,64,101,573,3,3,20,96,0,Texas,2021,0.22973967099940698
8312,1,20,PIT,Kenny Pickett,QB,24,2023,0,0,1,13,25,446,713,4474,13,13,97,291,4,Pittsburgh,2022,0.8042077585315752
8366,3,74,ATL,Desmond Ridder,QB,23,2023,0,0,0,12,19,322,503,3544,14,12,69,257,5,Cincinnati,2022,0.9392867597241289
8378,3,86,TEN,Malik Willis,QB,23,2023,0,0,0,1,11,35,66,350,0,3,32,144,1,Liberty,2022,0.07692307692307693
8386,3,94,CAR,Matt Corral,QB,23,0,0,0,0,0,0,0,0,0,0,0,0,0,0,Mississippi,2022,0.0
8429,4,137,NWE,Bailey Zappe,QB,23,2023,0,0,0,2,14,192,304,2053,11,12,27,83,1,Western Kentucky,2022,0.14358729437462936
8436,5,144,WAS,Sam Howell,QB,21,2023,0,0,0,12,18,399,631,4115,22,22,53,298,6,North Carolina,2022,0.9862510977103354
8533,7,241,PIT,Chris Oladokun,QB,25,0,0,0,0,0,0,0,0,0,0,0,0,0,0,South Dakota St.,2022,0.0
8539,7,247,MIA,Skylar Thompson,QB,25,2022,0,0,0,2,7,60,105,534,1,3,14,21,0,Kansas St.,2022,0.2552663011104522
8554,7,262,SFO,Brock Purdy,QB,22,2023,0,1,0,24,25,422,614,5654,44,15,61,157,3,Iowa St.,2022,1.678377797857603
8555,1,1,CAR,Bryce Young,QB,22,2023,0,0,0,6,16,315,527,2877,11,10,39,253,0,Alabama,2023,0.4769896937017518
8556,1,2,HOU,C.J. Stroud,QB,21,2023,0,1,0,14,15,319,499,4108,23,5,39,167,3,Ohio St.,2023,1.3960620495890643
8558,1,4,IND,Anthony Richardson,QB,21,2023,0,0,0,3,4,50,84,577,3,1,25,136,4,Florida,2023,0.6228654698077586
8587,2,33,TEN,Will Levis,QB,24,2023,0,0,0,6,9,149,255,1808,8,4,25,57,1,Kentucky,2023,0.7805285896937757
8622,3,68,DET,Hendon Hooker,QB,25,0,0,0,0,0,0,0,0,0,0,0,0,0,0,Tennessee,2023,0.0
8681,4,127,NOR,Jake Haener,QB,24,0,0,0,0,0,0,0,0,0,0,0,0,0,0,Fresno St.,2023,0.0
8682,4,128,LAR,Stetson Bennett,QB,25,0,0,0,0,0,0,0,0,0,0,0,0,0,0,Georgia,2023,0.0
8689,4,135,LVR,Aidan O'Connell,QB,25,2023,0,0,0,6,11,213,343,2218,12,7,17,11,1,Purdue,2023,0.6604472682024256
8693,5,139,ARI,Clayton Tune,QB,24,2023,0,0,0,0,7,12,21,62,0,2,8,30,1,Houston,2023,0.0
8694,5,140,CLE,Dorian Thompson-Robinson,QB,23,2023,0,0,0,1,8,60,112,440,1,4,14,65,0,UCLA,2023,0.1
8703,5,149,GNB,Sean Clifford,QB,25,2023,0,0,0,0,2,1,1,37,0,0,3,-2,0,Penn St.,2023,0.0
8718,5,164,MIN,Jaren Hall,QB,25,2023,0,0,0,1,3,13,20,168,0,1,6,14,0,BYU,2023,0.2
8742,6,188,PHI,Tanner McKee,QB,23,0,0,0,0,0,0,0,0,0,0,0,0,0,0,Stanford,2023,0.0
8793,7,239,LAC,Max Duggan,QB,22,0,0,0,0,0,0,0,0,0,0,0,0,0,0,TCU,2023,0.0
